id,registration_date,user_name,first_name,last_name
2120e217-f8c0-45b9-9e69-6e5aec9b20ed,2024-02-26T13:22:22.543Z,niesha.schamberger,Stevie,Konopelski
23b881dc-9aa8-4513-8aa5-b7b6070876f2,2024-12-07T21:34:03.242Z,kareem.lemke,Cora,MacGyver
c002b704-75fb-4b04-87de-d59972b7f776,2024-05-25T05:04:05.235Z,garland.runolfsson,Lamont,Sipes
e27b5f68-e3aa-49a1-a2dd-78945c0d8b9c,2024-04-06T12:31:26.316Z,jesus.swift,Isaiah,Bernhard
88e471cd-b17f-4bf0-8cbb-fe5c95671da5,2024-02-14T00:56:49.961Z,gilberto.bayer,Antwan,Rolfson
9a0e8bc0-8bfc-4770-97a1-66314a07df71,2024-05-29T08:15:32.047Z,willette.predovic,Layla,Little
98f5e55f-9360-4386-976a-31e07995af70,2024-03-27T04:22:36.972Z,cyril.gibson,Dalia,Rutherford
bd614491-1977-41c4-9228-251e2150ee18,2024-09-01T11:15:17.867Z,marvella.bins,Lorraine,Denesik
9f791ac8-936b-4cef-9add-7a620dddea42,2024-09-04T17:13:03.282Z,olene.wolff,Ron,Gerlach
ec571e2d-eaeb-4d2a-b14e-e880813fcc2d,2024-01-29T23:02:35.987Z,debera.rogahn,Trinidad,Kihn
f062242b-308b-45ca-b8f8-cdbc8c463623,2024-12-22T14:04:24.062Z,arianne.watsica,Steve,Weber
d08778a1-65c9-44aa-99d3-11b0257455c9,2024-08-06T05:18:54.285Z,joan.von,Marjorie,Dibbert
8c357809-50fb-491c-824d-2763a65b7cf7,2024-05-13T04:49:32.954Z,mallory.quigley,Christia,Bernhard
f14ccefb-37fa-4ee0-a384-9be486c71e06,2024-12-08T11:03:19.185Z,anthony.carter,Lessie,Bogisich
9d78c95c-426e-4403-9707-f38426370830,2024-07-29T04:17:33.560Z,stanford.harvey,Palmer,Senger
3dd7095c-6dee-46ea-b2bc-fdb9479d4508,2024-10-31T14:45:13.821Z,sam.grady,Moses,Dickinson
60895ed5-411a-4266-9639-7bd16337289d,2024-06-06T22:21:34.986Z,lanita.wolf,Lenard,Klocko
0cf3076a-13ea-41d9-b699-0f90460d65f1,2024-12-06T01:21:39.190Z,winford.hand,Verena,Klocko
668fd3f9-4644-433d-aa87-a9074927f780,2024-04-09T11:12:19.132Z,goldie.rowe,Manual,Kuvalis
23e13e72-c8a0-4a0d-b2d4-e7e434da3fd0,2024-12-09T11:39:47.567Z,bobbie.crooks,Edwin,Mante
f7489c2b-65ee-4e98-8f83-a6ea19aa8eb6,2024-12-11T18:41:43.287Z,earnestine.mante,Gabriele,VonRueden
320e146b-ae07-438f-8eb6-97983306e922,2024-08-01T16:48:37.727Z,keith.stoltenberg,Francesco,Adams
2c80a1c3-fde9-405a-bc46-7fa1b747e563,2024-02-21T07:56:08.777Z,marty.pfeffer,Courtney,Leffler
03b40cc9-051d-4814-80f4-1af43cdb3715,2024-01-08T15:31:56.693Z,adalberto.spencer,Shay,Breitenberg
b3bd1213-8d4c-4bfc-9f9c-b6d83936b3a1,2024-05-03T09:09:35.377Z,boris.cummings,Giuseppe,Deckow
715c8775-98d4-4a04-add8-dbaf928d3979,2024-02-12T08:18:44.996Z,barrett.lowe,Abe,Bode
81bb2ed0-c3eb-484a-8bcb-c5aae7a5b5a8,2024-01-22T04:36:00.868Z,audrea.jacobson,Jessica,Effertz
3d949d0a-9aab-4bbb-8892-f74b3a7df002,2024-06-23T18:23:40.268Z,clinton.altenwerth,Perry,Ziemann
00456130-98c0-44c2-a983-3283c360ac61,2024-05-04T14:17:57.762Z,emery.fadel,Dominique,Bruen
86b241df-2c7d-4137-95a7-e0ec1dab3d1e,2024-11-30T00:54:06.540Z,lyman.larson,Abraham,Stokes
6b2d3582-87d3-4085-b289-003ae36bd1f8,2024-09-22T21:12:52.084Z,corinna.greenfelder,Delorse,Feeney
653e32f2-bd6d-444b-9225-28b6a89274b4,2024-02-22T06:15:38.382Z,tandra.medhurst,Ward,Rippin
e4cc2f23-b296-430e-8354-0ce8e1792f5c,2024-12-11T19:43:29.555Z,forrest.schumm,Dannette,Pollich
c4a5d228-4e38-45ee-9eb6-9a0f3c0971eb,2024-05-05T23:26:59.189Z,pattie.flatley,Homer,Feil
dfabcfbf-9696-4707-b48b-c560d5ed7a16,2024-10-13T03:02:46.695Z,eugenio.kautzer,Javier,Rogahn
a54b83b1-c420-4f6b-a6cb-53db48cb3886,2024-04-24T19:18:54.470Z,alberta.bergstrom,Germaine,Buckridge
16bc5bca-1da5-4c95-a8df-e98c91896203,2024-05-25T09:25:25.538Z,noble.kuphal,Doreatha,Crist
b50846a7-d024-4e5c-aa9e-4366db289e9c,2024-06-19T08:28:39.503Z,bev.ohara,Josette,Raynor
3acffd62-8578-45fe-8525-86bc7ba66092,2024-11-24T04:11:46.392Z,daren.donnelly,Janae,Cartwright
02172036-84f5-4e54-9f7b-0cb1b22d761f,2024-05-29T15:00:01.494Z,clarice.bernier,Herbert,Shields
4565a873-2184-422c-a212-beb811b6c696,2024-02-07T21:08:22.586Z,preston.heidenreich,Lachelle,Crona
48b6250a-e9d5-4b16-93e2-952eab4b770f,2024-11-21T19:44:37.613Z,ross.gutkowski,Theron,Wisozk
9c385754-3580-4440-876d-24fb6150a12f,2024-08-08T20:23:57.782Z,malcom.thiel,Jose,Zemlak
feba917c-6e19-4097-9157-9e7b0eb4b360,2024-05-28T10:12:09.489Z,ricarda.cole,Jay,Murphy
b1c67527-82bd-4a1f-96f2-910bd486f982,2024-02-29T00:00:50.269Z,alden.dooley,Janis,Kub
491b6d7f-122c-4f84-adbf-b6a690c5ad21,2024-05-05T03:25:39.832Z,keena.rippin,Cordie,Will
77bec26d-c677-4b77-ba10-170a622946c0,2024-09-17T22:38:21.110Z,eddy.schumm,Cecil,Steuber
35e86fdd-aa05-46c8-bd3d-c48e393f9887,2024-08-23T19:33:46.235Z,cedric.lueilwitz,Annamarie,Green
8f9dca8a-3eb5-40f7-9b20-8c8bf9c12cb5,2024-11-11T06:56:36.304Z,rosemary.walter,Tawna,Jacobs
6a6d6343-511d-4c9c-888d-2fb40da594a1,2024-01-14T18:12:12.093Z,marianne.bayer,Art,Leffler
